datetime,auth_node,sub_node,same_auth_sub,local_pow,timeToSync,timeToReceiveMessage,packet_size_bytes
1648232809052,http://54.177.214.21:14265,http://54.177.214.21:14265,true,false,280,1346,2
1648232815537,http://54.177.214.21:14265,http://54.177.214.21:14265,true,false,103,6326,2
1648232818560,http://54.177.214.21:14265,http://54.177.214.21:14265,true,false,121,2843,2
1648232819169,http://54.177.214.21:14265,http://54.177.214.21:14265,true,false,114,442,2
1648232825017,http://54.177.214.21:14265,http://54.177.214.21:14265,true,false,122,5667,2
1648232825886,http://54.177.214.21:14265,http://54.177.214.21:14265,true,false,123,689,2
1648232826991,http://54.177.214.21:14265,http://54.177.214.21:14265,true,false,127,918,2
1648232827598,http://54.177.214.21:14265,http://54.177.214.21:14265,true,false,110,438,2
1648232831416,http://54.177.214.21:14265,http://54.177.214.21:14265,true,false,112,3642,2
1648232832266,http://54.177.214.21:14265,http://54.177.214.21:14265,true,false,111,686,2
1648232837045,http://54.177.214.21:14265,http://54.177.214.21:14265,true,false,114,4607,4
1648232838369,http://54.177.214.21:14265,http://54.177.214.21:14265,true,false,117,1146,4
1648232839127,http://54.177.214.21:14265,http://54.177.214.21:14265,true,false,115,579,4
1648232844306,http://54.177.214.21:14265,http://54.177.214.21:14265,true,false,110,5010,4
1648232846534,http://54.177.214.21:14265,http://54.177.214.21:14265,true,false,120,2050,4
1648232848399,http://54.177.214.21:14265,http://54.177.214.21:14265,true,false,108,1700,4
1648232853461,http://54.177.214.21:14265,http://54.177.214.21:14265,true,false,115,4882,4
1648232855484,http://54.177.214.21:14265,http://54.177.214.21:14265,true,false,130,1819,4
1648232858668,http://54.177.214.21:14265,http://54.177.214.21:14265,true,false,113,3011,4
1648233772622,http://54.177.214.21:14265,http://3.0.50.236:14265,false,false,2829,7645,2
1648233775850,http://54.177.214.21:14265,http://3.0.50.236:14265,false,false,1104,2066,2
1648233787244,http://54.177.214.21:14265,http://3.0.50.236:14265,false,false,1106,10231,2
1648233790441,http://54.177.214.21:14265,http://3.0.50.236:14265,false,false,1051,2085,2
1648233796846,http://54.177.214.21:14265,http://3.0.50.236:14265,false,false,1155,5191,2
1648233801517,http://54.177.214.21:14265,http://3.0.50.236:14265,false,false,1015,3594,2
1648233805505,http://54.177.214.21:14265,http://3.0.50.236:14265,false,false,1043,2887,2
1648233809280,http://54.177.214.21:14265,http://3.0.50.236:14265,false,false,1141,2573,2
1648233816073,http://54.177.214.21:14265,http://3.0.50.236:14265,false,false,1064,5672,2
1648233819439,http://54.177.214.21:14265,http://3.0.50.236:14265,false,false,1132,2183,2
1648233825929,http://54.177.214.21:14265,http://3.0.50.236:14265,false,false,1114,5315,4
1648233831214,http://54.177.214.21:14265,http://3.0.50.236:14265,false,false,1096,4128,4
1648233835560,http://54.177.214.21:14265,http://3.0.50.236:14265,false,false,1144,3148,4
1648233839786,http://54.177.214.21:14265,http://3.0.50.236:14265,false,false,1201,2967,4
1648233844034,http://54.177.214.21:14265,http://3.0.50.236:14265,false,false,1010,3184,4
1648233858747,http://54.177.214.21:14265,http://3.0.50.236:14265,false,false,982,13674,4
1648233871947,http://54.177.214.21:14265,http://3.0.50.236:14265,false,false,1051,12091,4
1648233875923,http://54.177.214.21:14265,http://3.0.50.236:14265,false,false,1124,2798,4
1648233886436,http://54.177.214.21:14265,http://3.0.50.236:14265,false,false,1180,9277,4
1648345667505,http://3.0.50.236:14265,http://3.0.50.236:14265,true,false,2866,8842,2
1648345676415,http://3.0.50.236:14265,http://3.0.50.236:14265,true,false,1231,7103,2
1648345686210,http://3.0.50.236:14265,http://3.0.50.236:14265,true,false,1109,8108,2
1648345695977,http://3.0.50.236:14265,http://3.0.50.236:14265,true,false,1029,8248,2
1648345703548,http://3.0.50.236:14265,http://3.0.50.236:14265,true,false,1201,5869,2
1648345709558,http://3.0.50.236:14265,http://3.0.50.236:14265,true,false,1272,4199,2
1648345714474,http://3.0.50.236:14265,http://3.0.50.236:14265,true,false,1224,3176,2
1648345723248,http://3.0.50.236:14265,http://3.0.50.236:14265,true,false,981,7241,2
1648345728707,http://3.0.50.236:14265,http://3.0.50.236:14265,true,false,1271,3685,2
1648345735262,http://3.0.50.236:14265,http://3.0.50.236:14265,true,false,1114,4826,2
1648345741548,http://3.0.50.236:14265,http://3.0.50.236:14265,true,false,1231,4444,4
1648345750056,http://3.0.50.236:14265,http://3.0.50.236:14265,true,false,1190,6796,4
1648345756514,http://3.0.50.236:14265,http://3.0.50.236:14265,true,false,1051,4921,4
1648345762138,http://3.0.50.236:14265,http://3.0.50.236:14265,true,false,1172,3789,4
1648345769414,http://3.0.50.236:14265,http://3.0.50.236:14265,true,false,1076,5687,4
1648345777855,http://3.0.50.236:14265,http://3.0.50.236:14265,true,false,1039,6787,4
1648345792084,http://3.0.50.236:14265,http://3.0.50.236:14265,true,false,1285,12378,4
1648345799164,http://3.0.50.236:14265,http://3.0.50.236:14265,true,false,1130,5325,4
1648345805309,http://3.0.50.236:14265,http://3.0.50.236:14265,true,false,1147,4508,4
1648590621634,http://54.177.214.21:14265,http://54.177.214.21:14265,true,false,250,883,2
1648590625742,http://54.177.214.21:14265,http://54.177.214.21:14265,true,false,104,3956,2
1648590630391,http://54.177.214.21:14265,http://54.177.214.21:14265,true,false,117,4459,2
1648590632832,http://54.177.214.21:14265,http://54.177.214.21:14265,true,false,100,2290,2
1648590638421,http://54.177.214.21:14265,http://54.177.214.21:14265,true,false,100,5440,2
1648590639571,http://54.177.214.21:14265,http://54.177.214.21:14265,true,false,102,999,2
1648590643631,http://54.177.214.21:14265,http://54.177.214.21:14265,true,false,113,3895,2
1648590644160,http://54.177.214.21:14265,http://54.177.214.21:14265,true,false,104,367,2
1648590646233,http://54.177.214.21:14265,http://54.177.214.21:14265,true,false,100,1931,2
1648590648452,http://54.177.214.21:14265,http://54.177.214.21:14265,true,false,96,2070,2
1648590649163,http://54.177.214.21:14265,http://54.177.214.21:14265,true,false,102,560,4
1648590650732,http://54.177.214.21:14265,http://54.177.214.21:14265,true,false,119,1399,4
1648590658284,http://54.177.214.21:14265,http://54.177.214.21:14265,true,false,100,7402,4
1648590661710,http://54.177.214.21:14265,http://54.177.214.21:14265,true,false,112,3268,4
1648590667004,http://54.177.214.21:14265,http://54.177.214.21:14265,true,false,106,5136,4
1648590669881,http://54.177.214.21:14265,http://54.177.214.21:14265,true,false,85,2746,4
1648590671307,http://54.177.214.21:14265,http://54.177.214.21:14265,true,false,104,1270,4
1648590675166,http://54.177.214.21:14265,http://54.177.214.21:14265,true,false,116,3671,4
1648590682925,http://54.177.214.21:14265,http://54.177.214.21:14265,true,false,138,7554,4
1648590703299,http://54.177.214.21:14265,http://54.177.214.21:14265,true,false,352,696,2
1648590705932,http://54.177.214.21:14265,http://54.177.214.21:14265,true,false,158,2409,2
1648590708444,http://54.177.214.21:14265,http://54.177.214.21:14265,true,false,110,2332,2
1648590710242,http://54.177.214.21:14265,http://54.177.214.21:14265,true,false,163,1557,2
1648590710942,http://54.177.214.21:14265,http://54.177.214.21:14265,true,false,102,547,2
1648590712027,http://54.177.214.21:14265,http://54.177.214.21:14265,true,false,97,944,2
1648590712493,http://54.177.214.21:14265,http://54.177.214.21:14265,true,false,103,308,2
1648590714754,http://54.177.214.21:14265,http://54.177.214.21:14265,true,false,100,2110,2
1648590726963,http://54.177.214.21:14265,http://54.177.214.21:14265,true,false,129,11989,2
1648590727945,http://54.177.214.21:14265,http://54.177.214.21:14265,true,false,110,822,2
1648590730043,http://54.177.214.21:14265,http://54.177.214.21:14265,true,false,99,1946,4
1648590732751,http://54.177.214.21:14265,http://54.177.214.21:14265,true,false,96,2508,4
1648590737182,http://54.177.214.21:14265,http://54.177.214.21:14265,true,false,143,4244,4
1648590740275,http://54.177.214.21:14265,http://54.177.214.21:14265,true,false,99,2942,4
1648590751884,http://54.177.214.21:14265,http://54.177.214.21:14265,true,false,119,720,4
1648590753543,http://54.177.214.21:14265,http://54.177.214.21:14265,true,false,103,1478,4
1648590756101,http://54.177.214.21:14265,http://54.177.214.21:14265,true,false,274,2184,4
1648590761363,http://54.177.214.21:14265,http://54.177.214.21:14265,true,false,191,5000,4
1648590764877,http://54.177.214.21:14265,http://54.177.214.21:14265,true,false,113,3363,4
1648590800295,http://54.177.214.21:14265,http://54.177.214.21:14265,true,false,102,1439,8
1648590806207,http://54.177.214.21:14265,http://54.177.214.21:14265,true,false,110,5753,8
1648590807244,http://54.177.214.21:14265,http://54.177.214.21:14265,true,false,102,887,8
1648590810655,http://54.177.214.21:14265,http://54.177.214.21:14265,true,false,99,3261,8
1648590812797,http://54.177.214.21:14265,http://54.177.214.21:14265,true,false,150,1942,8
1648590815280,http://54.177.214.21:14265,http://54.177.214.21:14265,true,false,100,2332,8
1648590817940,http://54.177.214.21:14265,http://54.177.214.21:14265,true,false,103,2514,8
1648590824805,http://54.177.214.21:14265,http://54.177.214.21:14265,true,false,126,6629,8
1648590830078,http://54.177.214.21:14265,http://54.177.214.21:14265,true,false,103,5121,8
1648590831547,http://54.177.214.21:14265,http://54.177.214.21:14265,true,false,97,1320,8
1648590902052,http://54.177.214.21:14265,http://54.177.214.21:14265,true,false,266,3758,2
1648590903693,http://54.177.214.21:14265,http://54.177.214.21:14265,true,false,126,1457,2
1648590904487,http://54.177.214.21:14265,http://54.177.214.21:14265,true,false,102,638,2
1648590905676,http://54.177.214.21:14265,http://54.177.214.21:14265,true,false,91,1050,2
1648590908740,http://54.177.214.21:14265,http://54.177.214.21:14265,true,false,99,2914,2
1648590910740,http://54.177.214.21:14265,http://54.177.214.21:14265,true,false,152,1775,2
1648590913804,http://54.177.214.21:14265,http://54.177.214.21:14265,true,false,105,2907,2
1648590922439,http://54.177.214.21:14265,http://54.177.214.21:14265,true,false,103,8475,2
1648590926076,http://54.177.214.21:14265,http://54.177.214.21:14265,true,false,111,3477,2
1648590926806,http://54.177.214.21:14265,http://54.177.214.21:14265,true,false,98,580,2
1648590934366,http://54.177.214.21:14265,http://54.177.214.21:14265,true,false,102,7429,4
1648590934998,http://54.177.214.21:14265,http://54.177.214.21:14265,true,false,106,489,4
1648590936603,http://54.177.214.21:14265,http://54.177.214.21:14265,true,false,94,1417,4
1648590939451,http://54.177.214.21:14265,http://54.177.214.21:14265,true,false,138,2654,4
1648590942316,http://54.177.214.21:14265,http://54.177.214.21:14265,true,false,211,2584,4
1648590947115,http://54.177.214.21:14265,http://54.177.214.21:14265,true,false,93,4654,4
1648590949798,http://54.177.214.21:14265,http://54.177.214.21:14265,true,false,98,2519,4
1648590953716,http://54.177.214.21:14265,http://54.177.214.21:14265,true,false,154,3678,4
1648590955644,http://54.177.214.21:14265,http://54.177.214.21:14265,true,false,113,1786,4
1648590960185,http://54.177.214.21:14265,http://54.177.214.21:14265,true,false,114,4372,4
1648590966849,http://54.177.214.21:14265,http://54.177.214.21:14265,true,false,285,6251,8
1648590967778,http://54.177.214.21:14265,http://54.177.214.21:14265,true,false,101,770,8
1648590969131,http://54.177.214.21:14265,http://54.177.214.21:14265,true,false,101,1197,8
1648590970392,http://54.177.214.21:14265,http://54.177.214.21:14265,true,false,114,1099,8
1648590975571,http://54.177.214.21:14265,http://54.177.214.21:14265,true,false,149,4942,8
1648590980808,http://54.177.214.21:14265,http://54.177.214.21:14265,true,false,147,5039,8
1648590983921,http://54.177.214.21:14265,http://54.177.214.21:14265,true,false,102,2959,8
1648590984936,http://54.177.214.21:14265,http://54.177.214.21:14265,true,false,102,865,8
1648590986167,http://54.177.214.21:14265,http://54.177.214.21:14265,true,false,98,1079,8
1648590990913,http://54.177.214.21:14265,http://54.177.214.21:14265,true,false,130,4553,8
1648590991768,http://54.177.214.21:14265,http://54.177.214.21:14265,true,false,99,717,16
1648590993109,http://54.177.214.21:14265,http://54.177.214.21:14265,true,false,125,1101,16
1648590993758,http://54.177.214.21:14265,http://54.177.214.21:14265,true,false,97,500,16
1648590997704,http://54.177.214.21:14265,http://54.177.214.21:14265,true,false,100,3794,16
1648591002680,http://54.177.214.21:14265,http://54.177.214.21:14265,true,false,180,4751,16
1648591007592,http://54.177.214.21:14265,http://54.177.214.21:14265,true,false,119,4614,16
1648591008199,http://54.177.214.21:14265,http://54.177.214.21:14265,true,false,149,357,16
1648591010437,http://54.177.214.21:14265,http://54.177.214.21:14265,true,false,100,2069,16
1648591015240,http://54.177.214.21:14265,http://54.177.214.21:14265,true,false,90,4659,16
1648591023129,http://54.177.214.21:14265,http://54.177.214.21:14265,true,false,120,7720,16
1648591024391,http://54.177.214.21:14265,http://54.177.214.21:14265,true,false,164,1041,32
1648591029401,http://54.177.214.21:14265,http://54.177.214.21:14265,true,false,97,4862,32
1648591031289,http://54.177.214.21:14265,http://54.177.214.21:14265,true,false,120,1681,32
1648591032441,http://54.177.214.21:14265,http://54.177.214.21:14265,true,false,102,989,32
1648591034332,http://54.177.214.21:14265,http://54.177.214.21:14265,true,false,101,1742,32
1648591038150,http://54.177.214.21:14265,http://54.177.214.21:14265,true,false,90,3680,32
1648591039375,http://54.177.214.21:14265,http://54.177.214.21:14265,true,false,102,1074,32
1648591052668,http://54.177.214.21:14265,http://54.177.214.21:14265,true,false,105,13133,32
1648591059910,http://54.177.214.21:14265,http://54.177.214.21:14265,true,false,158,7028,32
1648591175015,http://54.177.214.21:14265,http://54.177.214.21:14265,true,false,254,306,2
1648591175643,http://54.177.214.21:14265,http://54.177.214.21:14265,true,false,98,479,2
1648591177584,http://54.177.214.21:14265,http://54.177.214.21:14265,true,false,84,1802,2
1648591181612,http://54.177.214.21:14265,http://54.177.214.21:14265,true,false,215,3764,2
1648591188641,http://54.177.214.21:14265,http://54.177.214.21:14265,true,false,98,6882,2
1648591189203,http://54.177.214.21:14265,http://54.177.214.21:14265,true,false,105,401,2
1648591191638,http://54.177.214.21:14265,http://54.177.214.21:14265,true,false,108,2277,2
1648591194582,http://54.177.214.21:14265,http://54.177.214.21:14265,true,false,176,2698,2
1648591199102,http://54.177.214.21:14265,http://54.177.214.21:14265,true,false,179,4242,2
1648591200709,http://54.177.214.21:14265,http://54.177.214.21:14265,true,false,132,1425,2
1648591203335,http://54.177.214.21:14265,http://54.177.214.21:14265,true,false,119,2466,4
1648591207458,http://54.177.214.21:14265,http://54.177.214.21:14265,true,false,154,3896,4
1648591208441,http://54.177.214.21:14265,http://54.177.214.21:14265,true,false,112,826,4
1648591209424,http://54.177.214.21:14265,http://54.177.214.21:14265,true,false,150,783,4
1648591213242,http://54.177.214.21:14265,http://54.177.214.21:14265,true,false,112,3656,4
1648591215957,http://54.177.214.21:14265,http://54.177.214.21:14265,true,false,107,2558,4
1648591218152,http://54.177.214.21:14265,http://54.177.214.21:14265,true,false,199,1898,4
1648591220252,http://54.177.214.21:14265,http://54.177.214.21:14265,true,false,186,1817,4
1648591223658,http://54.177.214.21:14265,http://54.177.214.21:14265,true,false,140,3200,4
1648591226576,http://54.177.214.21:14265,http://54.177.214.21:14265,true,false,110,2753,4
1648591233181,http://54.177.214.21:14265,http://54.177.214.21:14265,true,false,98,6440,8
1648591236468,http://54.177.214.21:14265,http://54.177.214.21:14265,true,false,108,3134,8
1648591240002,http://54.177.214.21:14265,http://54.177.214.21:14265,true,false,181,3295,8
1648591241146,http://54.177.214.21:14265,http://54.177.214.21:14265,true,false,96,982,8
1648591244855,http://54.177.214.21:14265,http://54.177.214.21:14265,true,false,149,3477,8
1648591245654,http://54.177.214.21:14265,http://54.177.214.21:14265,true,false,188,545,8
1648591246251,http://54.177.214.21:14265,http://54.177.214.21:14265,true,false,169,367,8
1648591248043,http://54.177.214.21:14265,http://54.177.214.21:14265,true,false,107,1632,8
1648591250001,http://54.177.214.21:14265,http://54.177.214.21:14265,true,false,94,1797,8
1648591251002,http://54.177.214.21:14265,http://54.177.214.21:14265,true,false,102,848,8
1648591252424,http://54.177.214.21:14265,http://54.177.214.21:14265,true,false,103,1268,16
1648591261653,http://54.177.214.21:14265,http://54.177.214.21:14265,true,false,102,9079,16
1648591262344,http://54.177.214.21:14265,http://54.177.214.21:14265,true,false,97,540,16
1648591268435,http://54.177.214.21:14265,http://54.177.214.21:14265,true,false,95,5941,16
1648591270304,http://54.177.214.21:14265,http://54.177.214.21:14265,true,false,104,1716,16
1648591270803,http://54.177.214.21:14265,http://54.177.214.21:14265,true,false,100,350,16
1648591272534,http://54.177.214.21:14265,http://54.177.214.21:14265,true,false,99,1581,16
1648591279985,http://54.177.214.21:14265,http://54.177.214.21:14265,true,false,94,7307,16
1648591281862,http://54.177.214.21:14265,http://54.177.214.21:14265,true,false,84,1739,16
1648591283035,http://54.177.214.21:14265,http://54.177.214.21:14265,true,false,99,1020,16
1648591288119,http://54.177.214.21:14265,http://54.177.214.21:14265,true,false,99,4936,32
1648591289294,http://54.177.214.21:14265,http://54.177.214.21:14265,true,false,138,991,32
1648591290153,http://54.177.214.21:14265,http://54.177.214.21:14265,true,false,99,708,32
1648591291046,http://54.177.214.21:14265,http://54.177.214.21:14265,true,false,72,772,32
1648591293803,http://54.177.214.21:14265,http://54.177.214.21:14265,true,false,77,2630,32
1648591294584,http://54.177.214.21:14265,http://54.177.214.21:14265,true,false,92,638,32
1648591295949,http://54.177.214.21:14265,http://54.177.214.21:14265,true,false,121,1186,32
1648591304674,http://54.177.214.21:14265,http://54.177.214.21:14265,true,false,136,8457,32
1648591306993,http://54.177.214.21:14265,http://54.177.214.21:14265,true,false,100,2169,32
1649876331616,http://54.177.214.21:14265,http://54.177.214.21:14265,true,false,820,3304,2
1649876335245,http://54.177.214.21:14265,http://54.177.214.21:14265,true,false,329,3134,2
1649876339080,http://54.177.214.21:14265,http://54.177.214.21:14265,true,false,329,3344,2
1649876345436,http://54.177.214.21:14265,http://54.177.214.21:14265,true,false,331,5856,2
1649876347303,http://54.177.214.21:14265,http://54.177.214.21:14265,true,false,337,1360,2
1649876349617,http://54.177.214.21:14265,http://54.177.214.21:14265,true,false,320,1829,2
1649876352500,http://54.177.214.21:14265,http://54.177.214.21:14265,true,false,332,2387,2
1649876355462,http://54.177.214.21:14265,http://54.177.214.21:14265,true,false,334,2462,2
1649876358425,http://54.177.214.21:14265,http://54.177.214.21:14265,true,false,336,2469,2
1649876366804,http://54.177.214.21:14265,http://54.177.214.21:14265,true,false,322,7888,2
1649876369814,http://54.177.214.21:14265,http://54.177.214.21:14265,true,false,328,2518,4
1649876377779,http://54.177.214.21:14265,http://54.177.214.21:14265,true,false,333,7472,4
1649876379869,http://54.177.214.21:14265,http://54.177.214.21:14265,true,false,328,1597,4
1649876384521,http://54.177.214.21:14265,http://54.177.214.21:14265,true,false,328,4158,4
1649876387544,http://54.177.214.21:14265,http://54.177.214.21:14265,true,false,336,2510,4
1649876390400,http://54.177.214.21:14265,http://54.177.214.21:14265,true,false,369,2315,4
1649876394438,http://54.177.214.21:14265,http://54.177.214.21:14265,true,false,345,3514,4
1649876401435,http://54.177.214.21:14265,http://54.177.214.21:14265,true,false,351,6445,4
1649876403182,http://54.177.214.21:14265,http://54.177.214.21:14265,true,false,327,1251,4
1649876406292,http://54.177.214.21:14265,http://54.177.214.21:14265,true,false,330,2621,4
1649876408186,http://54.177.214.21:14265,http://54.177.214.21:14265,true,false,329,1405,8
1649876411038,http://54.177.214.21:14265,http://54.177.214.21:14265,true,false,336,2347,8
1649876415738,http://54.177.214.21:14265,http://54.177.214.21:14265,true,false,345,4124,8
1649876420799,http://54.177.214.21:14265,http://54.177.214.21:14265,true,false,332,4553,8
1649876423100,http://54.177.214.21:14265,http://54.177.214.21:14265,true,false,388,1750,8
1649876425870,http://54.177.214.21:14265,http://54.177.214.21:14265,true,false,330,2279,8
1649876428241,http://54.177.214.21:14265,http://54.177.214.21:14265,true,false,341,1862,8
1649876432994,http://54.177.214.21:14265,http://54.177.214.21:14265,true,false,331,4263,8
1649876434632,http://54.177.214.21:14265,http://54.177.214.21:14265,true,false,324,1146,8
1649876436468,http://54.177.214.21:14265,http://54.177.214.21:14265,true,false,325,1342,8
1649876439243,http://54.177.214.21:14265,http://54.177.214.21:14265,true,false,329,2278,16
1649876446049,http://54.177.214.21:14265,http://54.177.214.21:14265,true,false,332,6316,16
1649876454402,http://54.177.214.21:14265,http://54.177.214.21:14265,true,false,336,7850,16
1649876456670,http://54.177.214.21:14265,http://54.177.214.21:14265,true,false,329,1777,16
1649876458532,http://54.177.214.21:14265,http://54.177.214.21:14265,true,false,318,1385,16
1649876462998,http://54.177.214.21:14265,http://54.177.214.21:14265,true,false,333,3969,16
1649876467808,http://54.177.214.21:14265,http://54.177.214.21:14265,true,false,326,4327,16
1649876470665,http://54.177.214.21:14265,http://54.177.214.21:14265,true,false,330,2344,16
1649876475984,http://54.177.214.21:14265,http://54.177.214.21:14265,true,false,324,4833,16
1649876478154,http://54.177.214.21:14265,http://54.177.214.21:14265,true,false,334,1671,16
1649876484904,http://54.177.214.21:14265,http://54.177.214.21:14265,true,false,340,6249,32
1649876486788,http://54.177.214.21:14265,http://54.177.214.21:14265,true,false,323,1393,32
1649876489109,http://54.177.214.21:14265,http://54.177.214.21:14265,true,false,329,1820,32
1649876491988,http://54.177.214.21:14265,http://54.177.214.21:14265,true,false,331,2377,32
1649876497407,http://54.177.214.21:14265,http://54.177.214.21:14265,true,false,318,4939,32
1649876500455,http://54.177.214.21:14265,http://54.177.214.21:14265,true,false,330,2546,32
1649876502932,http://54.177.214.21:14265,http://54.177.214.21:14265,true,false,331,1980,32
1649876515036,http://54.177.214.21:14265,http://54.177.214.21:14265,true,false,385,11555,32
1649876516536,http://54.177.214.21:14265,http://54.177.214.21:14265,true,false,326,1018,32
1649876646099,http://54.177.214.21:14265,http://54.177.214.21:14265,true,false,826,1536,2
1649876655016,http://54.177.214.21:14265,http://54.177.214.21:14265,true,false,325,8429,2
1649876660890,http://54.177.214.21:14265,http://54.177.214.21:14265,true,false,325,5387,2
1649876663350,http://54.177.214.21:14265,http://54.177.214.21:14265,true,false,408,1884,2
1649876670906,http://54.177.214.21:14265,http://54.177.214.21:14265,true,false,327,7065,2
1649876675081,http://54.177.214.21:14265,http://54.177.214.21:14265,true,false,373,3639,2
1649876676934,http://54.177.214.21:14265,http://54.177.214.21:14265,true,false,339,1351,2
1649876679164,http://54.177.214.21:14265,http://54.177.214.21:14265,true,false,333,1732,2
1649876683072,http://54.177.214.21:14265,http://54.177.214.21:14265,true,false,328,3415,2
1649876685365,http://54.177.214.21:14265,http://54.177.214.21:14265,true,false,329,1799,2
1649876689720,http://54.177.214.21:14265,http://54.177.214.21:14265,true,false,325,3867,4
1649876693185,http://54.177.214.21:14265,http://54.177.214.21:14265,true,false,329,2972,4
1649876697815,http://54.177.214.21:14265,http://54.177.214.21:14265,true,false,328,4136,4
1649876701050,http://54.177.214.21:14265,http://54.177.214.21:14265,true,false,325,2748,4
1649876707257,http://54.177.214.21:14265,http://54.177.214.21:14265,true,false,328,5647,4
1649876710017,http://54.177.214.21:14265,http://54.177.214.21:14265,true,false,345,2251,4
1649876711616,http://54.177.214.21:14265,http://54.177.214.21:14265,true,false,329,1104,4
1649876717661,http://54.177.214.21:14265,http://54.177.214.21:14265,true,false,328,5547,4
1649876738659,http://54.177.214.21:14265,http://54.177.214.21:14265,true,false,329,9459,4
1649876744250,http://54.177.214.21:14265,http://54.177.214.21:14265,true,false,328,5103,8
1649876747230,http://54.177.214.21:14265,http://54.177.214.21:14265,true,false,323,2490,8
1649876754753,http://54.177.214.21:14265,http://54.177.214.21:14265,true,false,333,7027,8
1649876757112,http://54.177.214.21:14265,http://54.177.214.21:14265,true,false,325,1871,8
1649876758688,http://54.177.214.21:14265,http://54.177.214.21:14265,true,false,338,1065,8
1649876760363,http://54.177.214.21:14265,http://54.177.214.21:14265,true,false,330,1179,8
1649876770152,http://54.177.214.21:14265,http://54.177.214.21:14265,true,false,361,9272,8
1649876775458,http://54.177.214.21:14265,http://54.177.214.21:14265,true,false,325,4815,8
1649876781193,http://54.177.214.21:14265,http://54.177.214.21:14265,true,false,334,5233,8
1649876783429,http://54.177.214.21:14265,http://54.177.214.21:14265,true,false,329,1737,8
1649876789799,http://54.177.214.21:14265,http://54.177.214.21:14265,true,false,326,5883,16
1649876791615,http://54.177.214.21:14265,http://54.177.214.21:14265,true,false,323,1325,16
1649876793764,http://54.177.214.21:14265,http://54.177.214.21:14265,true,false,331,1654,16
1649876795825,http://54.177.214.21:14265,http://54.177.214.21:14265,true,false,330,1568,16
1649876797488,http://54.177.214.21:14265,http://54.177.214.21:14265,true,false,332,1165,16
1649876799763,http://54.177.214.21:14265,http://54.177.214.21:14265,true,false,332,1774,16
1649876801452,http://54.177.214.21:14265,http://54.177.214.21:14265,true,false,327,1193,16
1649876808465,http://54.177.214.21:14265,http://54.177.214.21:14265,true,false,323,6526,16
1649876813308,http://54.177.214.21:14265,http://54.177.214.21:14265,true,false,335,4343,16
1649876817281,http://54.177.214.21:14265,http://54.177.214.21:14265,true,false,326,3486,16
1649876819769,http://54.177.214.21:14265,http://54.177.214.21:14265,true,false,331,1991,32
1649876826364,http://54.177.214.21:14265,http://54.177.214.21:14265,true,false,330,6100,32
1649876831295,http://54.177.214.21:14265,http://54.177.214.21:14265,true,false,321,4447,32
1649876834838,http://54.177.214.21:14265,http://54.177.214.21:14265,true,false,326,3052,32
1649876841865,http://54.177.214.21:14265,http://54.177.214.21:14265,true,false,329,6531,32
1649876845080,http://54.177.214.21:14265,http://54.177.214.21:14265,true,false,335,2720,32
1649876848498,http://54.177.214.21:14265,http://54.177.214.21:14265,true,false,329,2924,32
1649876851125,http://54.177.214.21:14265,http://54.177.214.21:14265,true,false,329,2118,32
1649876855786,http://54.177.214.21:14265,http://54.177.214.21:14265,true,false,339,4158,32
1649888907167,http://54.177.214.21:14265,http://54.177.214.21:14265,true,false,830,2182,2
1649888908803,http://54.177.214.21:14265,http://54.177.214.21:14265,true,false,333,1135,2
1649888914161,http://54.177.214.21:14265,http://54.177.214.21:14265,true,false,326,4865,2
1649888919035,http://54.177.214.21:14265,http://54.177.214.21:14265,true,false,336,4372,2
1649888922523,http://54.177.214.21:14265,http://54.177.214.21:14265,true,false,330,2991,2
1649888927341,http://54.177.214.21:14265,http://54.177.214.21:14265,true,false,327,4325,2
1649888929900,http://54.177.214.21:14265,http://54.177.214.21:14265,true,false,330,2059,2
1649888933890,http://54.177.214.21:14265,http://54.177.214.21:14265,true,false,333,3495,2
1649888948743,http://54.177.214.21:14265,http://54.177.214.21:14265,true,false,340,14347,2
1649888953544,http://54.177.214.21:14265,http://54.177.214.21:14265,true,false,340,4298,2
1649888958065,http://54.177.214.21:14265,http://54.177.214.21:14265,true,false,323,4029,4
1649888959738,http://54.177.214.21:14265,http://54.177.214.21:14265,true,false,334,1175,4
1649888961593,http://54.177.214.21:14265,http://54.177.214.21:14265,true,false,322,1366,4
1649888969253,http://54.177.214.21:14265,http://54.177.214.21:14265,true,false,343,7151,4
1649888973849,http://54.177.214.21:14265,http://54.177.214.21:14265,true,false,342,4089,4
1649888976794,http://54.177.214.21:14265,http://54.177.214.21:14265,true,false,329,2447,4
1649888978835,http://54.177.214.21:14265,http://54.177.214.21:14265,true,false,334,1541,4
1649888985264,http://54.177.214.21:14265,http://54.177.214.21:14265,true,false,330,5923,4
1649888987179,http://54.177.214.21:14265,http://54.177.214.21:14265,true,false,324,1429,4
1649888989596,http://54.177.214.21:14265,http://54.177.214.21:14265,true,false,337,1910,4
1649888991150,http://54.177.214.21:14265,http://54.177.214.21:14265,true,false,330,1055,8
1649888997386,http://54.177.214.21:14265,http://54.177.214.21:14265,true,false,353,5717,8
1649889003914,http://54.177.214.21:14265,http://54.177.214.21:14265,true,false,329,6034,8
1649889014672,http://54.177.214.21:14265,http://54.177.214.21:14265,true,false,335,10258,8
1649889024650,http://54.177.214.21:14265,http://54.177.214.21:14265,true,false,333,9482,8
1649889027337,http://54.177.214.21:14265,http://54.177.214.21:14265,true,false,330,2180,8
1649889029813,http://54.177.214.21:14265,http://54.177.214.21:14265,true,false,334,1973,8
1649889032413,http://54.177.214.21:14265,http://54.177.214.21:14265,true,false,332,2096,8
1649889038780,http://54.177.214.21:14265,http://54.177.214.21:14265,true,false,325,5877,8
1649889043571,http://54.177.214.21:14265,http://54.177.214.21:14265,true,false,332,4297,8
1649889045620,http://54.177.214.21:14265,http://54.177.214.21:14265,true,false,327,1556,16
1649889049200,http://54.177.214.21:14265,http://54.177.214.21:14265,true,false,320,3089,16
1649889051765,http://54.177.214.21:14265,http://54.177.214.21:14265,true,false,330,2070,16
1649889056204,http://54.177.214.21:14265,http://54.177.214.21:14265,true,false,336,3933,16
1649889064154,http://54.177.214.21:14265,http://54.177.214.21:14265,true,false,323,7464,16
1649889065676,http://54.177.214.21:14265,http://54.177.214.21:14265,true,false,330,1027,16
1649889071433,http://54.177.214.21:14265,http://54.177.214.21:14265,true,false,343,5249,16
1649889077876,http://54.177.214.21:14265,http://54.177.214.21:14265,true,false,335,5937,16
1649889080126,http://54.177.214.21:14265,http://54.177.214.21:14265,true,false,338,1747,16
1649889087109,http://54.177.214.21:14265,http://54.177.214.21:14265,true,false,332,6471,16
1649889089077,http://54.177.214.21:14265,http://54.177.214.21:14265,true,false,329,1469,32
1649889093179,http://54.177.214.21:14265,http://54.177.214.21:14265,true,false,338,3594,32
1649889097169,http://54.177.214.21:14265,http://54.177.214.21:14265,true,false,334,3489,32
1649889101432,http://54.177.214.21:14265,http://54.177.214.21:14265,true,false,326,3775,32
1649889103680,http://54.177.214.21:14265,http://54.177.214.21:14265,true,false,350,1726,32
1649889106965,http://54.177.214.21:14265,http://54.177.214.21:14265,true,false,327,2792,32
1649889116179,http://54.177.214.21:14265,http://54.177.214.21:14265,true,false,323,8729,32
1649889118221,http://54.177.214.21:14265,http://54.177.214.21:14265,true,false,327,1554,32
1649889120194,http://54.177.214.21:14265,http://54.177.214.21:14265,true,false,380,1427,32
1649889166767,http://54.177.214.21:14265,http://54.177.214.21:14265,true,false,891,1312,2
1649889170961,http://54.177.214.21:14265,http://54.177.214.21:14265,true,false,323,3709,2
1649889172644,http://54.177.214.21:14265,http://54.177.214.21:14265,true,false,389,1128,2
1649889179630,http://54.177.214.21:14265,http://54.177.214.21:14265,true,false,323,6500,2
1649889184236,http://54.177.214.21:14265,http://54.177.214.21:14265,true,false,337,4097,2
1649889188566,http://54.177.214.21:14265,http://54.177.214.21:14265,true,false,356,3757,2
1649889192195,http://54.177.214.21:14265,http://54.177.214.21:14265,true,false,360,3073,2
1649889195185,http://54.177.214.21:14265,http://54.177.214.21:14265,true,false,374,2378,2
1649889200150,http://54.177.214.21:14265,http://54.177.214.21:14265,true,false,388,4385,2
1649889202343,http://54.177.214.21:14265,http://54.177.214.21:14265,true,false,324,1707,2
1649889209215,http://54.177.214.21:14265,http://54.177.214.21:14265,true,false,322,6382,4
1649889211438,http://54.177.214.21:14265,http://54.177.214.21:14265,true,false,335,1722,4
1649889216905,http://54.177.214.21:14265,http://54.177.214.21:14265,true,false,317,4968,4
1649889218694,http://54.177.214.21:14265,http://54.177.214.21:14265,true,false,330,1295,4
1649889220721,http://54.177.214.21:14265,http://54.177.214.21:14265,true,false,329,1514,4
1649889225031,http://54.177.214.21:14265,http://54.177.214.21:14265,true,false,334,3811,4
1649889235920,http://54.177.214.21:14265,http://54.177.214.21:14265,true,false,327,10397,4
1649889238684,http://54.177.214.21:14265,http://54.177.214.21:14265,true,false,340,2254,4
1649889240711,http://54.177.214.21:14265,http://54.177.214.21:14265,true,false,339,1507,4
1649889242711,http://54.177.214.21:14265,http://54.177.214.21:14265,true,false,340,1464,4
1649889250631,http://54.177.214.21:14265,http://54.177.214.21:14265,true,false,328,7429,8
1649889253121,http://54.177.214.21:14265,http://54.177.214.21:14265,true,false,329,1976,8
1649889261129,http://54.177.214.21:14265,http://54.177.214.21:14265,true,false,410,7392,8
1649889266087,http://54.177.214.21:14265,http://54.177.214.21:14265,true,false,399,4397,8
1649889275321,http://54.177.214.21:14265,http://54.177.214.21:14265,true,false,339,8731,8
1649889279726,http://54.177.214.21:14265,http://54.177.214.21:14265,true,false,330,3909,8
1649889281335,http://54.177.214.21:14265,http://54.177.214.21:14265,true,false,331,1104,8
1649889283943,http://54.177.214.21:14265,http://54.177.214.21:14265,true,false,350,2064,8
1649889290676,http://54.177.214.21:14265,http://54.177.214.21:14265,true,false,328,6236,8
1649889292838,http://54.177.214.21:14265,http://54.177.214.21:14265,true,false,324,1673,8
1649889298009,http://54.177.214.21:14265,http://54.177.214.21:14265,true,false,337,4661,16
1649889302797,http://54.177.214.21:14265,http://54.177.214.21:14265,true,false,341,4282,16
1649889304608,http://54.177.214.21:14265,http://54.177.214.21:14265,true,false,323,1318,16
1649889306413,http://54.177.214.21:14265,http://54.177.214.21:14265,true,false,339,1298,16
1649889309761,http://54.177.214.21:14265,http://54.177.214.21:14265,true,false,336,2843,16
1649889316159,http://54.177.214.21:14265,http://54.177.214.21:14265,true,false,332,5893,16
1649889318838,http://54.177.214.21:14265,http://54.177.214.21:14265,true,false,342,2158,16
1649889321220,http://54.177.214.21:14265,http://54.177.214.21:14265,true,false,325,1889,16
1649889323961,http://54.177.214.21:14265,http://54.177.214.21:14265,true,false,343,2173,16
1649889327114,http://54.177.214.21:14265,http://54.177.214.21:14265,true,false,338,2644,16
1649889328873,http://54.177.214.21:14265,http://54.177.214.21:14265,true,false,331,1262,32
1649889331777,http://54.177.214.21:14265,http://54.177.214.21:14265,true,false,347,2299,32
1649889336451,http://54.177.214.21:14265,http://54.177.214.21:14265,true,false,328,4177,32
1649889338908,http://54.177.214.21:14265,http://54.177.214.21:14265,true,false,335,1956,32
1649889341345,http://54.177.214.21:14265,http://54.177.214.21:14265,true,false,346,1922,32
1649889343105,http://54.177.214.21:14265,http://54.177.214.21:14265,true,false,329,1250,32
1649889347702,http://54.177.214.21:14265,http://54.177.214.21:14265,true,false,323,4107,32
1649889352586,http://54.177.214.21:14265,http://54.177.214.21:14265,true,false,337,4377,32
1649889358181,http://54.177.214.21:14265,http://54.177.214.21:14265,true,false,329,5103,32
1649889460226,http://54.177.214.21:14265,http://54.177.214.21:14265,true,false,843,6588,2
1649889463417,http://54.177.214.21:14265,http://54.177.214.21:14265,true,false,332,2692,2
1649889466411,http://54.177.214.21:14265,http://54.177.214.21:14265,true,false,329,2498,2
1649889470920,http://54.177.214.21:14265,http://54.177.214.21:14265,true,false,339,4006,2
1649889474507,http://54.177.214.21:14265,http://54.177.214.21:14265,true,false,362,3056,2
1649889477853,http://54.177.214.21:14265,http://54.177.214.21:14265,true,false,331,2846,2
1649889479932,http://54.177.214.21:14265,http://54.177.214.21:14265,true,false,328,1591,2
1649889482535,http://54.177.214.21:14265,http://54.177.214.21:14265,true,false,328,2104,2
1649889498965,http://54.177.214.21:14265,http://54.177.214.21:14265,true,false,420,15841,2
1649889500488,http://54.177.214.21:14265,http://54.177.214.21:14265,true,false,335,1024,2
1649889506056,http://54.177.214.21:14265,http://54.177.214.21:14265,true,false,340,5063,4
1649889508718,http://54.177.214.21:14265,http://54.177.214.21:14265,true,false,333,2155,4
1649889512796,http://54.177.214.21:14265,http://54.177.214.21:14265,true,false,389,3515,4
1649889516052,http://54.177.214.21:14265,http://54.177.214.21:14265,true,false,333,2747,4
1649889518734,http://54.177.214.21:14265,http://54.177.214.21:14265,true,false,331,2189,4
1649889520734,http://54.177.214.21:14265,http://54.177.214.21:14265,true,false,328,1505,4
1649889524165,http://54.177.214.21:14265,http://54.177.214.21:14265,true,false,329,2941,4
1649889526576,http://54.177.214.21:14265,http://54.177.214.21:14265,true,false,333,1900,4
1649889531868,http://54.177.214.21:14265,http://54.177.214.21:14265,true,false,331,4799,4
1649889533439,http://54.177.214.21:14265,http://54.177.214.21:14265,true,false,330,1063,4
1649889537886,http://54.177.214.21:14265,http://54.177.214.21:14265,true,false,329,3950,8
1649889542144,http://54.177.214.21:14265,http://54.177.214.21:14265,true,false,330,3769,8
1649889545746,http://54.177.214.21:14265,http://54.177.214.21:14265,true,false,335,3102,8
1649889549955,http://54.177.214.21:14265,http://54.177.214.21:14265,true,false,339,3707,8
1649889551540,http://54.177.214.21:14265,http://54.177.214.21:14265,true,false,330,1089,8
1649889553863,http://54.177.214.21:14265,http://54.177.214.21:14265,true,false,329,1827,8
1649889555854,http://54.177.214.21:14265,http://54.177.214.21:14265,true,false,339,1481,8
1649889557476,http://54.177.214.21:14265,http://54.177.214.21:14265,true,false,330,1128,8
1649889559564,http://54.177.214.21:14265,http://54.177.214.21:14265,true,false,329,1592,8
1649889561554,http://54.177.214.21:14265,http://54.177.214.21:14265,true,false,327,1489,8
1649889564020,http://54.177.214.21:14265,http://54.177.214.21:14265,true,false,339,1947,16
1649889567905,http://54.177.214.21:14265,http://54.177.214.21:14265,true,false,329,3392,16
1649889578460,http://54.177.214.21:14265,http://54.177.214.21:14265,true,false,329,10037,16
1649889580791,http://54.177.214.21:14265,http://54.177.214.21:14265,true,false,332,1837,16
1649889584461,http://54.177.214.21:14265,http://54.177.214.21:14265,true,false,333,3178,16
1649889586730,http://54.177.214.21:14265,http://54.177.214.21:14265,true,false,322,1783,16
1649889589003,http://54.177.214.21:14265,http://54.177.214.21:14265,true,false,331,1780,16
1649889590519,http://54.177.214.21:14265,http://54.177.214.21:14265,true,false,340,1002,16
1649889594842,http://54.177.214.21:14265,http://54.177.214.21:14265,true,false,350,3806,16
1649889603299,http://54.177.214.21:14265,http://54.177.214.21:14265,true,false,333,7960,16
1649889605921,http://54.177.214.21:14265,http://54.177.214.21:14265,true,false,330,2128,32
1649889608239,http://54.177.214.21:14265,http://54.177.214.21:14265,true,false,331,1822,32
1649889610560,http://54.177.214.21:14265,http://54.177.214.21:14265,true,false,329,1830,32
1649889613276,http://54.177.214.21:14265,http://54.177.214.21:14265,true,false,350,2192,32
1649889616674,http://54.177.214.21:14265,http://54.177.214.21:14265,true,false,331,2899,32
1649889622738,http://54.177.214.21:14265,http://54.177.214.21:14265,true,false,333,5567,32
1649889626261,http://54.177.214.21:14265,http://54.177.214.21:14265,true,false,334,3022,32
1649889634738,http://54.177.214.21:14265,http://54.177.214.21:14265,true,false,326,7990,32
1649889639288,http://54.177.214.21:14265,http://54.177.214.21:14265,true,false,375,3995,32
1649889684022,http://54.177.214.21:14265,http://54.177.214.21:14265,true,false,830,4624,32
1649889685575,http://54.177.214.21:14265,http://54.177.214.21:14265,true,false,339,1047,32
1649889692524,http://54.177.214.21:14265,http://54.177.214.21:14265,true,false,348,6436,32
1649889695288,http://54.177.214.21:14265,http://54.177.214.21:14265,true,false,332,2269,32
1649889698209,http://54.177.214.21:14265,http://54.177.214.21:14265,true,false,327,2422,32
1649889701957,http://54.177.214.21:14265,http://54.177.214.21:14265,true,false,330,3249,32
1649889704069,http://54.177.214.21:14265,http://54.177.214.21:14265,true,false,333,1614,32
1649889706956,http://54.177.214.21:14265,http://54.177.214.21:14265,true,false,329,2394,32
1649889710030,http://54.177.214.21:14265,http://54.177.214.21:14265,true,false,336,2573,32
1649889718048,http://54.177.214.21:14265,http://54.177.214.21:14265,true,false,328,7527,32
1649889724981,http://54.177.214.21:14265,http://54.177.214.21:14265,true,false,327,6445,64
1649889731471,http://54.177.214.21:14265,http://54.177.214.21:14265,true,false,329,5979,64
1649889767792,http://54.177.214.21:14265,http://54.177.214.21:14265,true,false,341,35813,64
1649889771984,http://54.177.214.21:14265,http://54.177.214.21:14265,true,false,317,3710,64
1649889800264,http://54.177.214.21:14265,http://54.177.214.21:14265,true,false,327,27790,64
1649889804142,http://54.177.214.21:14265,http://54.177.214.21:14265,true,false,332,3370,64
1649889808913,http://54.177.214.21:14265,http://54.177.214.21:14265,true,false,334,4269,64
1649889816849,http://54.177.214.21:14265,http://54.177.214.21:14265,true,false,352,7421,64
1649889819217,http://54.177.214.21:14265,http://54.177.214.21:14265,true,false,346,1850,64
1649889821552,http://54.177.214.21:14265,http://54.177.214.21:14265,true,false,330,1836,64
1649889823678,http://54.177.214.21:14265,http://54.177.214.21:14265,true,false,325,1640,128
1649889829963,http://54.177.214.21:14265,http://54.177.214.21:14265,true,false,335,5784,128
1649889859741,http://54.177.214.21:14265,http://54.177.214.21:14265,true,false,329,29282,128
1649889875357,http://54.177.214.21:14265,http://54.177.214.21:14265,true,false,334,15112,128
1649889879831,http://54.177.214.21:14265,http://54.177.214.21:14265,true,false,331,3980,128
1649889882159,http://54.177.214.21:14265,http://54.177.214.21:14265,true,false,329,1827,128
1649889911735,http://54.177.214.21:14265,http://54.177.214.21:14265,true,false,335,29075,128
1649889917543,http://54.177.214.21:14265,http://54.177.214.21:14265,true,false,340,5301,128
1649889932673,http://54.177.214.21:14265,http://54.177.214.21:14265,true,false,618,14107,128
1649889937070,http://54.177.214.21:14265,http://54.177.214.21:14265,true,false,350,3876,128
1649889942252,http://54.177.214.21:14265,http://54.177.214.21:14265,true,false,331,4689,256
1649889953715,http://54.177.214.21:14265,http://54.177.214.21:14265,true,false,329,10969,256
1649889955335,http://54.177.214.21:14265,http://54.177.214.21:14265,true,false,341,1112,256
1649889961067,http://54.177.214.21:14265,http://54.177.214.21:14265,true,false,331,5243,256
1649889986837,http://54.177.214.21:14265,http://54.177.214.21:14265,true,false,329,25279,256
1649889988656,http://54.177.214.21:14265,http://54.177.214.21:14265,true,false,328,1326,256
1649889991286,http://54.177.214.21:14265,http://54.177.214.21:14265,true,false,329,2131,256
1649890013369,http://54.177.214.21:14265,http://54.177.214.21:14265,true,false,332,21555,256
1649890020776,http://54.177.214.21:14265,http://54.177.214.21:14265,true,false,328,6908,256
1649890036539,http://54.177.214.21:14265,http://54.177.214.21:14265,true,false,339,15257,256
1649890071040,http://54.177.214.21:14265,http://54.177.214.21:14265,true,false,330,34008,512
1649890087891,http://54.177.214.21:14265,http://54.177.214.21:14265,true,false,365,16323,512
1649890092018,http://54.177.214.21:14265,http://54.177.214.21:14265,true,false,333,3632,512
1649890105121,http://54.177.214.21:14265,http://54.177.214.21:14265,true,false,356,12556,512
1649890113308,http://54.177.214.21:14265,http://54.177.214.21:14265,true,false,337,7675,512
1649890130024,http://54.177.214.21:14265,http://54.177.214.21:14265,true,false,340,16208,512
1649890136646,http://54.177.214.21:14265,http://54.177.214.21:14265,true,false,329,6130,512
1649890150521,http://54.177.214.21:14265,http://54.177.214.21:14265,true,false,336,13374,512
1649890153470,http://54.177.214.21:14265,http://54.177.214.21:14265,true,false,336,2449,512
1649890361065,http://54.177.214.21:14265,http://54.177.214.21:14265,true,false,817,1985,32
1649890364198,http://54.177.214.21:14265,http://54.177.214.21:14265,true,false,332,2619,32
1649890367517,http://54.177.214.21:14265,http://54.177.214.21:14265,true,false,340,2807,32
1649890369954,http://54.177.214.21:14265,http://54.177.214.21:14265,true,false,339,1927,32
1649890373266,http://54.177.214.21:14265,http://54.177.214.21:14265,true,false,333,2811,32
1649890380519,http://54.177.214.21:14265,http://54.177.214.21:14265,true,false,328,6755,32
1649890388491,http://54.177.214.21:14265,http://54.177.214.21:14265,true,false,331,7476,32
1649890393709,http://54.177.214.21:14265,http://54.177.214.21:14265,true,false,327,4728,32
1649890402020,http://54.177.214.21:14265,http://54.177.214.21:14265,true,false,325,7818,32
1649890407065,http://54.177.214.21:14265,http://54.177.214.21:14265,true,false,360,4496,32
1649890420552,http://54.177.214.21:14265,http://54.177.214.21:14265,true,false,347,12953,64
1649890425095,http://54.177.214.21:14265,http://54.177.214.21:14265,true,false,329,4045,64
1649890439997,http://54.177.214.21:14265,http://54.177.214.21:14265,true,false,334,14406,64
1649890448210,http://54.177.214.21:14265,http://54.177.214.21:14265,true,false,321,7701,64
1649890454129,http://54.177.214.21:14265,http://54.177.214.21:14265,true,false,331,5424,64
1649890457844,http://54.177.214.21:14265,http://54.177.214.21:14265,true,false,336,3216,64
1649890502679,http://54.177.214.21:14265,http://54.177.214.21:14265,true,false,332,44318,64
1649890511834,http://54.177.214.21:14265,http://54.177.214.21:14265,true,false,327,8654,64
1649890525723,http://54.177.214.21:14265,http://54.177.214.21:14265,true,false,341,13383,64
1649890532923,http://54.177.214.21:14265,http://54.177.214.21:14265,true,false,335,6701,64
1649890537927,http://54.177.214.21:14265,http://54.177.214.21:14265,true,false,350,4491,128
1649890553859,http://54.177.214.21:14265,http://54.177.214.21:14265,true,false,348,15419,128
1649890558739,http://54.177.214.21:14265,http://54.177.214.21:14265,true,false,335,4366,128
1649890591454,http://54.177.214.21:14265,http://54.177.214.21:14265,true,false,335,32216,128
1649890622607,http://54.177.214.21:14265,http://54.177.214.21:14265,true,false,334,30653,128
1649890625667,http://54.177.214.21:14265,http://54.177.214.21:14265,true,false,329,2566,128
1649890654536,http://54.177.214.21:14265,http://54.177.214.21:14265,true,false,373,28315,128
1649890657792,http://54.177.214.21:14265,http://54.177.214.21:14265,true,false,343,2737,128
1649890669294,http://54.177.214.21:14265,http://54.177.214.21:14265,true,false,329,11000,128
1649890684552,http://54.177.214.21:14265,http://54.177.214.21:14265,true,false,338,14750,128
1649890686909,http://54.177.214.21:14265,http://54.177.214.21:14265,true,false,328,1858,256
1649890708516,http://54.177.214.21:14265,http://54.177.214.21:14265,true,false,340,21097,256
1649890712521,http://54.177.214.21:14265,http://54.177.214.21:14265,true,false,329,3504,256
1649890724319,http://54.177.214.21:14265,http://54.177.214.21:14265,true,false,345,11280,256
1649890730093,http://54.177.214.21:14265,http://54.177.214.21:14265,true,false,332,5275,256
1649890739845,http://54.177.214.21:14265,http://54.177.214.21:14265,true,false,327,9257,256
1649890758664,http://54.177.214.21:14265,http://54.177.214.21:14265,true,false,332,18303,256
1649890802908,http://54.177.214.21:14265,http://54.177.214.21:14265,true,false,347,43731,256
1649890819921,http://54.177.214.21:14265,http://54.177.214.21:14265,true,false,330,16515,256
1649890833566,http://54.177.214.21:14265,http://54.177.214.21:14265,true,false,330,13147,256
1649890835601,http://54.177.214.21:14265,http://54.177.214.21:14265,true,false,329,1352,512
1649890863189,http://54.177.214.21:14265,http://54.177.214.21:14265,true,false,330,27087,512
1649890887643,http://54.177.214.21:14265,http://54.177.214.21:14265,true,false,350,23935,512
1649890916636,http://54.177.214.21:14265,http://54.177.214.21:14265,true,false,326,28500,512
1649890919714,http://54.177.214.21:14265,http://54.177.214.21:14265,true,false,331,2579,512
1649890928894,http://54.177.214.21:14265,http://54.177.214.21:14265,true,false,337,8683,512
1649890939409,http://54.177.214.21:14265,http://54.177.214.21:14265,true,false,336,10015,512
1649890940913,http://54.177.214.21:14265,http://54.177.214.21:14265,true,false,331,1009,512
1649890953672,http://54.177.214.21:14265,http://54.177.214.21:14265,true,false,369,12220,512
1649891695417,http://54.177.214.21:14265,http://54.177.214.21:14265,true,false,844,2043,32
1649891705971,http://54.177.214.21:14265,http://54.177.214.21:14265,true,false,357,10035,32
1649891713691,http://54.177.214.21:14265,http://54.177.214.21:14265,true,false,319,7230,32
1649891717788,http://54.177.214.21:14265,http://54.177.214.21:14265,true,false,331,3601,32
1649891729819,http://54.177.214.21:14265,http://54.177.214.21:14265,true,false,346,11515,32
1649891733851,http://54.177.214.21:14265,http://54.177.214.21:14265,true,false,345,3520,32
1649891738642,http://54.177.214.21:14265,http://54.177.214.21:14265,true,false,341,4287,32
1649891741190,http://54.177.214.21:14265,http://54.177.214.21:14265,true,false,339,2043,32
1649891744818,http://54.177.214.21:14265,http://54.177.214.21:14265,true,false,382,3079,32
1649891751320,http://54.177.214.21:14265,http://54.177.214.21:14265,true,false,410,5885,32
1649891776615,http://54.177.214.21:14265,http://54.177.214.21:14265,true,false,343,24784,64
1649891778441,http://54.177.214.21:14265,http://54.177.214.21:14265,true,false,327,1334,64
1649891781145,http://54.177.214.21:14265,http://54.177.214.21:14265,true,false,343,2195,64
1649891783798,http://54.177.214.21:14265,http://54.177.214.21:14265,true,false,345,2149,64
1649891785928,http://54.177.214.21:14265,http://54.177.214.21:14265,true,false,332,1619,64
1649891809690,http://54.177.214.21:14265,http://54.177.214.21:14265,true,false,338,23251,64
1649891813603,http://54.177.214.21:14265,http://54.177.214.21:14265,true,false,355,3390,64
1649891819539,http://54.177.214.21:14265,http://54.177.214.21:14265,true,false,338,5432,64
1649891822854,http://54.177.214.21:14265,http://54.177.214.21:14265,true,false,335,2803,64
1649891825069,http://54.177.214.21:14265,http://54.177.214.21:14265,true,false,352,1691,64
1649891829750,http://54.177.214.21:14265,http://54.177.214.21:14265,true,false,349,4153,128
1649891834123,http://54.177.214.21:14265,http://54.177.214.21:14265,true,false,325,3858,128
1649891840729,http://54.177.214.21:14265,http://54.177.214.21:14265,true,false,339,6088,128
1649891848160,http://54.177.214.21:14265,http://54.177.214.21:14265,true,false,332,6936,128
1649891853808,http://54.177.214.21:14265,http://54.177.214.21:14265,true,false,321,5163,128
1649891857652,http://54.177.214.21:14265,http://54.177.214.21:14265,true,false,330,3349,128
1649891874709,http://54.177.214.21:14265,http://54.177.214.21:14265,true,false,336,16556,128
1649891878719,http://54.177.214.21:14265,http://54.177.214.21:14265,true,false,338,3504,128
1649891881662,http://54.177.214.21:14265,http://54.177.214.21:14265,true,false,335,2445,128
1649891886568,http://54.177.214.21:14265,http://54.177.214.21:14265,true,false,331,4411,128
1649891895566,http://54.177.214.21:14265,http://54.177.214.21:14265,true,false,334,8499,256
1649891900638,http://54.177.214.21:14265,http://54.177.214.21:14265,true,false,344,4563,256
1649891918272,http://54.177.214.21:14265,http://54.177.214.21:14265,true,false,347,17113,256
1649891927894,http://54.177.214.21:14265,http://54.177.214.21:14265,true,false,333,9120,256
1649891930439,http://54.177.214.21:14265,http://54.177.214.21:14265,true,false,329,2048,256
1649891935150,http://54.177.214.21:14265,http://54.177.214.21:14265,true,false,343,4192,256
1649891949497,http://54.177.214.21:14265,http://54.177.214.21:14265,true,false,328,13855,256
1649891958715,http://54.177.214.21:14265,http://54.177.214.21:14265,true,false,335,8719,256
1649891994882,http://54.177.214.21:14265,http://54.177.214.21:14265,true,false,324,35682,256
1649891998519,http://54.177.214.21:14265,http://54.177.214.21:14265,true,false,376,3083,256
1649892008167,http://54.177.214.21:14265,http://54.177.214.21:14265,true,false,357,9112,512
1649892030813,http://54.177.214.21:14265,http://54.177.214.21:14265,true,false,338,22132,512
1649892059469,http://54.177.214.21:14265,http://54.177.214.21:14265,true,false,340,28151,512
1649892066728,http://54.177.214.21:14265,http://54.177.214.21:14265,true,false,331,6765,512
1649892077888,http://54.177.214.21:14265,http://54.177.214.21:14265,true,false,334,10655,512
1649892080047,http://54.177.214.21:14265,http://54.177.214.21:14265,true,false,339,1642,512
1649892085225,http://54.177.214.21:14265,http://54.177.214.21:14265,true,false,334,4679,512
1649892103229,http://54.177.214.21:14265,http://54.177.214.21:14265,true,false,285,17554,512
1649892115729,http://54.177.214.21:14265,http://54.177.214.21:14265,true,false,334,11995,512
1649892205074,http://54.177.214.21:14265,http://54.177.214.21:14265,true,false,834,1172,2
1649892207394,http://54.177.214.21:14265,http://54.177.214.21:14265,true,false,332,1821,2
1649892213592,http://54.177.214.21:14265,http://54.177.214.21:14265,true,false,336,5691,2
1649892216934,http://54.177.214.21:14265,http://54.177.214.21:14265,true,false,347,2827,2
1649892219065,http://54.177.214.21:14265,http://54.177.214.21:14265,true,false,327,1638,2
1649892222589,http://54.177.214.21:14265,http://54.177.214.21:14265,true,false,330,3030,2
1649892225534,http://54.177.214.21:14265,http://54.177.214.21:14265,true,false,341,2441,2
1649892232828,http://54.177.214.21:14265,http://54.177.214.21:14265,true,false,329,6798,2
1649892234434,http://54.177.214.21:14265,http://54.177.214.21:14265,true,false,342,1095,2
1649892236734,http://54.177.214.21:14265,http://54.177.214.21:14265,true,false,330,1797,2
1649892238460,http://54.177.214.21:14265,http://54.177.214.21:14265,true,false,333,1229,4
1649892240770,http://54.177.214.21:14265,http://54.177.214.21:14265,true,false,334,1814,4
1649892242384,http://54.177.214.21:14265,http://54.177.214.21:14265,true,false,335,1117,4
1649892245385,http://54.177.214.21:14265,http://54.177.214.21:14265,true,false,344,2492,4
1649892246898,http://54.177.214.21:14265,http://54.177.214.21:14265,true,false,355,994,4
1649892250457,http://54.177.214.21:14265,http://54.177.214.21:14265,true,false,332,3066,4
1649892253714,http://54.177.214.21:14265,http://54.177.214.21:14265,true,false,321,2771,4
1649892255936,http://54.177.214.21:14265,http://54.177.214.21:14265,true,false,331,1719,4
1649892258143,http://54.177.214.21:14265,http://54.177.214.21:14265,true,false,337,1700,4
1649892260106,http://54.177.214.21:14265,http://54.177.214.21:14265,true,false,333,1459,4
1649892261872,http://54.177.214.21:14265,http://54.177.214.21:14265,true,false,332,1260,8
1649892263921,http://54.177.214.21:14265,http://54.177.214.21:14265,true,false,338,1548,8
1649892269977,http://54.177.214.21:14265,http://54.177.214.21:14265,true,false,328,5565,8
1649892272343,http://54.177.214.21:14265,http://54.177.214.21:14265,true,false,336,1865,8
1649892274667,http://54.177.214.21:14265,http://54.177.214.21:14265,true,false,325,1831,8
1649892277744,http://54.177.214.21:14265,http://54.177.214.21:14265,true,false,330,2586,8
1649892281784,http://54.177.214.21:14265,http://54.177.214.21:14265,true,false,319,3557,8
1649892285937,http://54.177.214.21:14265,http://54.177.214.21:14265,true,false,334,3653,8
1649892289729,http://54.177.214.21:14265,http://54.177.214.21:14265,true,false,337,3291,8
1649892292328,http://54.177.214.21:14265,http://54.177.214.21:14265,true,false,344,2090,8
1649892294931,http://54.177.214.21:14265,http://54.177.214.21:14265,true,false,335,2106,16
1649892299163,http://54.177.214.21:14265,http://54.177.214.21:14265,true,false,335,3727,16
1649892305393,http://54.177.214.21:14265,http://54.177.214.21:14265,true,false,329,5736,16
1649892306928,http://54.177.214.21:14265,http://54.177.214.21:14265,true,false,329,1043,16
1649892309593,http://54.177.214.21:14265,http://54.177.214.21:14265,true,false,333,2170,16
1649892325117,http://54.177.214.21:14265,http://54.177.214.21:14265,true,false,354,14996,16
1649892329889,http://54.177.214.21:14265,http://54.177.214.21:14265,true,false,326,4281,16
1649892332844,http://54.177.214.21:14265,http://54.177.214.21:14265,true,false,371,2418,16
1649892335158,http://54.177.214.21:14265,http://54.177.214.21:14265,true,false,335,1810,16
1649892337795,http://54.177.214.21:14265,http://54.177.214.21:14265,true,false,333,2136,16
1649892339465,http://54.177.214.21:14265,http://54.177.214.21:14265,true,false,335,1172,32
1649892341806,http://54.177.214.21:14265,http://54.177.214.21:14265,true,false,342,1828,32
1649892347199,http://54.177.214.21:14265,http://54.177.214.21:14265,true,false,327,4899,32
1649892351542,http://54.177.214.21:14265,http://54.177.214.21:14265,true,false,335,3842,32
1649892356288,http://54.177.214.21:14265,http://54.177.214.21:14265,true,false,331,4250,32
1649892359665,http://54.177.214.21:14265,http://54.177.214.21:14265,true,false,345,2866,32
1649892362124,http://54.177.214.21:14265,http://54.177.214.21:14265,true,false,332,1962,32
1649892363819,http://54.177.214.21:14265,http://54.177.214.21:14265,true,false,341,1192,32
1649892365712,http://54.177.214.21:14265,http://54.177.214.21:14265,true,false,332,1394,32
1649892367343,http://54.177.214.21:14265,http://54.177.214.21:14265,true,false,343,1121,32
1649892375294,http://54.177.214.21:14265,http://54.177.214.21:14265,true,false,340,7448,64
1649892386269,http://54.177.214.21:14265,http://54.177.214.21:14265,true,false,339,10469,64
1649892399812,http://54.177.214.21:14265,http://54.177.214.21:14265,true,false,326,13053,64
1649892408952,http://54.177.214.21:14265,http://54.177.214.21:14265,true,false,325,8649,64
1649892412694,http://54.177.214.21:14265,http://54.177.214.21:14265,true,false,339,3242,64
1649892415847,http://54.177.214.21:14265,http://54.177.214.21:14265,true,false,327,2660,64
1649892418507,http://54.177.214.21:14265,http://54.177.214.21:14265,true,false,329,2168,64
1649892422032,http://54.177.214.21:14265,http://54.177.214.21:14265,true,false,331,3017,64
1649892424835,http://54.177.214.21:14265,http://54.177.214.21:14265,true,false,328,2313,64
1649892436230,http://54.177.214.21:14265,http://54.177.214.21:14265,true,false,333,10892,64
1649892440185,http://54.177.214.21:14265,http://54.177.214.21:14265,true,false,331,3457,128
1649892451641,http://54.177.214.21:14265,http://54.177.214.21:14265,true,false,564,10584,128
1649892462902,http://54.177.214.21:14265,http://54.177.214.21:14265,true,false,334,10762,128
1649892476815,http://54.177.214.21:14265,http://54.177.214.21:14265,true,false,330,13409,128
1649892481183,http://54.177.214.21:14265,http://54.177.214.21:14265,true,false,345,3858,128
1649892488804,http://54.177.214.21:14265,http://54.177.214.21:14265,true,false,327,7131,128
1649892492547,http://54.177.214.21:14265,http://54.177.214.21:14265,true,false,346,3231,128
1649892499685,http://54.177.214.21:14265,http://54.177.214.21:14265,true,false,329,6645,128
1649892508200,http://54.177.214.21:14265,http://54.177.214.21:14265,true,false,330,8011,128
1649892517434,http://54.177.214.21:14265,http://54.177.214.21:14265,true,false,331,8735,128
1649892522245,http://54.177.214.21:14265,http://54.177.214.21:14265,true,false,326,4323,256
1649892536703,http://54.177.214.21:14265,http://54.177.214.21:14265,true,false,328,13967,256
1649892546313,http://54.177.214.21:14265,http://54.177.214.21:14265,true,false,344,9102,256
1649892551049,http://54.177.214.21:14265,http://54.177.214.21:14265,true,false,327,4250,256
1649892557509,http://54.177.214.21:14265,http://54.177.214.21:14265,true,false,333,5957,256
1649892559210,http://54.177.214.21:14265,http://54.177.214.21:14265,true,false,333,1204,256
1649892572900,http://54.177.214.21:14265,http://54.177.214.21:14265,true,false,332,13194,256
1649892580875,http://54.177.214.21:14265,http://54.177.214.21:14265,true,false,330,7481,256
1649892587803,http://54.177.214.21:14265,http://54.177.214.21:14265,true,false,329,6431,256
1649892594188,http://54.177.214.21:14265,http://54.177.214.21:14265,true,false,333,5888,256
1649892642311,http://54.177.214.21:14265,http://54.177.214.21:14265,true,false,332,47626,512
1649892645281,http://54.177.214.21:14265,http://54.177.214.21:14265,true,false,330,2479,512
1649892648430,http://54.177.214.21:14265,http://54.177.214.21:14265,true,false,326,2660,512
1649892657876,http://54.177.214.21:14265,http://54.177.214.21:14265,true,false,333,8953,512
1649892674537,http://54.177.214.21:14265,http://54.177.214.21:14265,true,false,335,16160,512
1649892710609,http://54.177.214.21:14265,http://54.177.214.21:14265,true,false,327,35578,512
1649892725502,http://54.177.214.21:14265,http://54.177.214.21:14265,true,false,328,14401,512
1649892748192,http://54.177.214.21:14265,http://54.177.214.21:14265,true,false,328,22200,512
1649892750139,http://54.177.214.21:14265,http://54.177.214.21:14265,true,false,327,1451,512
1649892758132,http://54.177.214.21:14265,http://54.177.214.21:14265,true,false,349,7481,512
1649892764015,http://54.177.214.21:14265,http://54.177.214.21:14265,true,false,329,5392,1024
1649892825263,http://54.177.214.21:14265,http://54.177.214.21:14265,true,false,326,60718,1024
1649892832988,http://54.177.214.21:14265,http://54.177.214.21:14265,true,false,322,7238,1024
1649892853260,http://54.177.214.21:14265,http://54.177.214.21:14265,true,false,340,19766,1024
1649892870146,http://54.177.214.21:14265,http://54.177.214.21:14265,true,false,330,16392,1024
1649892905566,http://54.177.214.21:14265,http://54.177.214.21:14265,true,false,398,34852,1024
1649892918184,http://54.177.214.21:14265,http://54.177.214.21:14265,true,false,332,12121,1024
1649892944225,http://54.177.214.21:14265,http://54.177.214.21:14265,true,false,321,25551,1024
1649892957742,http://54.177.214.21:14265,http://54.177.214.21:14265,true,false,329,13026,1024
1649893690765,http://54.177.214.21:14265,http://54.177.214.21:14265,true,false,822,1013,2
1649893692784,http://54.177.214.21:14265,http://54.177.214.21:14265,true,false,329,1519,2
1649893697696,http://54.177.214.21:14265,http://54.177.214.21:14265,true,false,347,4400,2
1649893702546,http://54.177.214.21:14265,http://54.177.214.21:14265,true,false,328,4355,2
1649893705422,http://54.177.214.21:14265,http://54.177.214.21:14265,true,false,344,2366,2
1649893707566,http://54.177.214.21:14265,http://54.177.214.21:14265,true,false,328,1651,2
1649893711133,http://54.177.214.21:14265,http://54.177.214.21:14265,true,false,324,3074,2
1649893713800,http://54.177.214.21:14265,http://54.177.214.21:14265,true,false,427,2074,2
1649893715433,http://54.177.214.21:14265,http://54.177.214.21:14265,true,false,337,1126,2
1649893717577,http://54.177.214.21:14265,http://54.177.214.21:14265,true,false,330,1645,2
1649893720161,http://54.177.214.21:14265,http://54.177.214.21:14265,true,false,329,2084,4
1649893721778,http://54.177.214.21:14265,http://54.177.214.21:14265,true,false,334,1117,4
1649893723284,http://54.177.214.21:14265,http://54.177.214.21:14265,true,false,321,1017,4
1649893725557,http://54.177.214.21:14265,http://54.177.214.21:14265,true,false,330,1781,4
1649893728244,http://54.177.214.21:14265,http://54.177.214.21:14265,true,false,333,2194,4
1649893734197,http://54.177.214.21:14265,http://54.177.214.21:14265,true,false,338,5441,4
1649893738150,http://54.177.214.21:14265,http://54.177.214.21:14265,true,false,332,3461,4
1649893740100,http://54.177.214.21:14265,http://54.177.214.21:14265,true,false,344,1443,4
1649893744603,http://54.177.214.21:14265,http://54.177.214.21:14265,true,false,339,4002,4
1649893746548,http://54.177.214.21:14265,http://54.177.214.21:14265,true,false,339,1435,4
1649893752035,http://54.177.214.21:14265,http://54.177.214.21:14265,true,false,326,4997,8
1649893754553,http://54.177.214.21:14265,http://54.177.214.21:14265,true,false,333,2018,8
1649893759999,http://54.177.214.21:14265,http://54.177.214.21:14265,true,false,333,4944,8
1649893764159,http://54.177.214.21:14265,http://54.177.214.21:14265,true,false,331,3661,8
1649893767881,http://54.177.214.21:14265,http://54.177.214.21:14265,true,false,324,3228,8
1649893770340,http://54.177.214.21:14265,http://54.177.214.21:14265,true,false,337,1953,8
1649893773274,http://54.177.214.21:14265,http://54.177.214.21:14265,true,false,331,2435,8
1649893775021,http://54.177.214.21:14265,http://54.177.214.21:14265,true,false,331,1252,8
1649893782202,http://54.177.214.21:14265,http://54.177.214.21:14265,true,false,329,6689,8
1649893786599,http://54.177.214.21:14265,http://54.177.214.21:14265,true,false,325,3905,8
1649893794280,http://54.177.214.21:14265,http://54.177.214.21:14265,true,false,345,7167,16
1649893797468,http://54.177.214.21:14265,http://54.177.214.21:14265,true,false,327,2690,16
1649893801314,http://54.177.214.21:14265,http://54.177.214.21:14265,true,false,335,3338,16
1649893805482,http://54.177.214.21:14265,http://54.177.214.21:14265,true,false,332,3664,16
1649893808570,http://54.177.214.21:14265,http://54.177.214.21:14265,true,false,338,2583,16
1649893810315,http://54.177.214.21:14265,http://54.177.214.21:14265,true,false,324,1250,16
1649893817482,http://54.177.214.21:14265,http://54.177.214.21:14265,true,false,333,6672,16
1649893820189,http://54.177.214.21:14265,http://54.177.214.21:14265,true,false,334,2210,16
1649893822357,http://54.177.214.21:14265,http://54.177.214.21:14265,true,false,330,1675,16
1649893824815,http://54.177.214.21:14265,http://54.177.214.21:14265,true,false,333,1964,16
1649893827212,http://54.177.214.21:14265,http://54.177.214.21:14265,true,false,329,1902,32
1649893832270,http://54.177.214.21:14265,http://54.177.214.21:14265,true,false,333,4525,32
1649893835342,http://54.177.214.21:14265,http://54.177.214.21:14265,true,false,330,2574,32
1649893838942,http://54.177.214.21:14265,http://54.177.214.21:14265,true,false,333,3103,32
1649893850802,http://54.177.214.21:14265,http://54.177.214.21:14265,true,false,326,11371,32
1649893855378,http://54.177.214.21:14265,http://54.177.214.21:14265,true,false,337,4069,32
1649893865837,http://54.177.214.21:14265,http://54.177.214.21:14265,true,false,322,9958,32
1649893875205,http://54.177.214.21:14265,http://54.177.214.21:14265,true,false,334,8868,32
1649893879908,http://54.177.214.21:14265,http://54.177.214.21:14265,true,false,351,4182,32
1649893882278,http://54.177.214.21:14265,http://54.177.214.21:14265,true,false,329,1874,32
1649893891954,http://54.177.214.21:14265,http://54.177.214.21:14265,true,false,327,9176,64
1649893912792,http://54.177.214.21:14265,http://54.177.214.21:14265,true,false,611,20017,64
1649893920883,http://54.177.214.21:14265,http://54.177.214.21:14265,true,false,363,7533,64
1649893935923,http://54.177.214.21:14265,http://54.177.214.21:14265,true,false,432,14427,64
1649893945903,http://54.177.214.21:14265,http://54.177.214.21:14265,true,false,330,9483,64
1649893952787,http://54.177.214.21:14265,http://54.177.214.21:14265,true,false,332,6384,64
1649893999589,http://54.177.214.21:14265,http://54.177.214.21:14265,true,false,331,46307,64
1649894001302,http://54.177.214.21:14265,http://54.177.214.21:14265,true,false,330,1211,64
1649894010923,http://54.177.214.21:14265,http://54.177.214.21:14265,true,false,342,9085,64
1649894016265,http://54.177.214.21:14265,http://54.177.214.21:14265,true,false,405,4767,64
1649894018417,http://54.177.214.21:14265,http://54.177.214.21:14265,true,false,341,1646,128
1649894027735,http://54.177.214.21:14265,http://54.177.214.21:14265,true,false,336,8818,128
1649894042335,http://54.177.214.21:14265,http://54.177.214.21:14265,true,false,338,14076,128
1649894049370,http://54.177.214.21:14265,http://54.177.214.21:14265,true,false,335,6535,128
1649894052605,http://54.177.214.21:14265,http://54.177.214.21:14265,true,false,375,2692,128
1649894062911,http://54.177.214.21:14265,http://54.177.214.21:14265,true,false,344,9796,128
1649894066427,http://54.177.214.21:14265,http://54.177.214.21:14265,true,false,333,3014,128
1649894069324,http://54.177.214.21:14265,http://54.177.214.21:14265,true,false,327,2397,128
1649894071144,http://54.177.214.21:14265,http://54.177.214.21:14265,true,false,325,1333,128
1649894084559,http://54.177.214.21:14265,http://54.177.214.21:14265,true,false,406,12835,128
1649894088634,http://54.177.214.21:14265,http://54.177.214.21:14265,true,false,373,3528,256
1649894098385,http://54.177.214.21:14265,http://54.177.214.21:14265,true,false,328,9258,256
1649894108871,http://54.177.214.21:14265,http://54.177.214.21:14265,true,false,329,9990,256
1649894111054,http://54.177.214.21:14265,http://54.177.214.21:14265,true,false,343,1664,256
1649894121164,http://54.177.214.21:14265,http://54.177.214.21:14265,true,false,352,9580,256
1649894137792,http://54.177.214.21:14265,http://54.177.214.21:14265,true,false,335,16122,256
1649894139548,http://54.177.214.21:14265,http://54.177.214.21:14265,true,false,342,1234,256
1649894141508,http://54.177.214.21:14265,http://54.177.214.21:14265,true,false,352,1434,256
1649894148407,http://54.177.214.21:14265,http://54.177.214.21:14265,true,false,331,6402,256
1649894155967,http://54.177.214.21:14265,http://54.177.214.21:14265,true,false,338,7054,256
1649894161998,http://54.177.214.21:14265,http://54.177.214.21:14265,true,false,331,5535,512
1649894169332,http://54.177.214.21:14265,http://54.177.214.21:14265,true,false,325,6845,512
1649894174646,http://54.177.214.21:14265,http://54.177.214.21:14265,true,false,328,4821,512
1649894176758,http://54.177.214.21:14265,http://54.177.214.21:14265,true,false,354,1580,512
1649894179692,http://54.177.214.21:14265,http://54.177.214.21:14265,true,false,329,2430,512
1649894190821,http://54.177.214.21:14265,http://54.177.214.21:14265,true,false,334,10624,512
1649894205262,http://54.177.214.21:14265,http://54.177.214.21:14265,true,false,330,13947,512
1649894212445,http://54.177.214.21:14265,http://54.177.214.21:14265,true,false,329,6690,512
1649894229250,http://54.177.214.21:14265,http://54.177.214.21:14265,true,false,334,16306,512
1649894247203,http://54.177.214.21:14265,http://54.177.214.21:14265,true,false,338,17453,512
1649894280421,http://54.177.214.21:14265,http://54.177.214.21:14265,true,false,335,32710,1024
1649894335443,http://54.177.214.21:14265,http://54.177.214.21:14265,true,false,332,54521,1024
1649894368615,http://54.177.214.21:14265,http://54.177.214.21:14265,true,false,409,32604,1024
1649894385305,http://54.177.214.21:14265,http://54.177.214.21:14265,true,false,341,16184,1024
1649894425972,http://54.177.214.21:14265,http://54.177.214.21:14265,true,false,334,40169,1024
1649894451769,http://54.177.214.21:14265,http://54.177.214.21:14265,true,false,347,25285,1024
1649894468264,http://54.177.214.21:14265,http://54.177.214.21:14265,true,false,331,15996,1024
1649894479221,http://54.177.214.21:14265,http://54.177.214.21:14265,true,false,335,10457,1024
1649894482797,http://54.177.214.21:14265,http://54.177.214.21:14265,true,false,330,3083,1024
1649895999597,http://54.177.214.21:14265,http://54.177.214.21:14265,true,false,817,1576,2
1649896001524,http://54.177.214.21:14265,http://54.177.214.21:14265,true,false,331,1431,2
1649896008459,http://54.177.214.21:14265,http://54.177.214.21:14265,true,false,328,6447,2
1649896010880,http://54.177.214.21:14265,http://54.177.214.21:14265,true,false,334,1929,2
1649896014674,http://54.177.214.21:14265,http://54.177.214.21:14265,true,false,321,3308,2
1649896021529,http://54.177.214.21:14265,http://54.177.214.21:14265,true,false,339,6351,2
1649896024563,http://54.177.214.21:14265,http://54.177.214.21:14265,true,false,331,2539,2
1649896026406,http://54.177.214.21:14265,http://54.177.214.21:14265,true,false,328,1352,2
1649896031312,http://54.177.214.21:14265,http://54.177.214.21:14265,true,false,336,4401,2
1649896033648,http://54.177.214.21:14265,http://54.177.214.21:14265,true,false,355,1768,2
1649896037011,http://54.177.214.21:14265,http://54.177.214.21:14265,true,false,360,2832,4
1649896041413,http://54.177.214.21:14265,http://54.177.214.21:14265,true,false,347,3867,4
1649896054469,http://54.177.214.21:14265,http://54.177.214.21:14265,true,false,412,12423,4
1649896059481,http://54.177.214.21:14265,http://54.177.214.21:14265,true,false,345,4496,4
1649896062555,http://54.177.214.21:14265,http://54.177.214.21:14265,true,false,328,2583,4
1649896065888,http://54.177.214.21:14265,http://54.177.214.21:14265,true,false,320,2844,4
1649896070103,http://54.177.214.21:14265,http://54.177.214.21:14265,true,false,329,3720,4
1649896072287,http://54.177.214.21:14265,http://54.177.214.21:14265,true,false,363,1652,4
1649896076877,http://54.177.214.21:14265,http://54.177.214.21:14265,true,false,331,4095,4
1649896078839,http://54.177.214.21:14265,http://54.177.214.21:14265,true,false,330,1467,4
1649896088234,http://54.177.214.21:14265,http://54.177.214.21:14265,true,false,334,8887,8
1649896090004,http://54.177.214.21:14265,http://54.177.214.21:14265,true,false,361,1236,8
1649896093658,http://54.177.214.21:14265,http://54.177.214.21:14265,true,false,331,3151,8
1649896095521,http://54.177.214.21:14265,http://54.177.214.21:14265,true,false,358,1308,8
1649896099462,http://54.177.214.21:14265,http://54.177.214.21:14265,true,false,362,3404,8
1649896101943,http://54.177.214.21:14265,http://54.177.214.21:14265,true,false,369,1930,8
1649896112184,http://54.177.214.21:14265,http://54.177.214.21:14265,true,false,321,9755,8
1649896116991,http://54.177.214.21:14265,http://54.177.214.21:14265,true,false,323,4320,8
1649896119182,http://54.177.214.21:14265,http://54.177.214.21:14265,true,false,328,1699,8
1649896129111,http://54.177.214.21:14265,http://54.177.214.21:14265,true,false,327,9438,8
1649896130717,http://54.177.214.21:14265,http://54.177.214.21:14265,true,false,324,1114,16
1649896135157,http://54.177.214.21:14265,http://54.177.214.21:14265,true,false,328,3949,16
1649896139396,http://54.177.214.21:14265,http://54.177.214.21:14265,true,false,324,3754,16
1649896142143,http://54.177.214.21:14265,http://54.177.214.21:14265,true,false,363,2194,16
1649896146600,http://54.177.214.21:14265,http://54.177.214.21:14265,true,false,358,3936,16
1649896151237,http://54.177.214.21:14265,http://54.177.214.21:14265,true,false,377,4055,16
1649896158184,http://54.177.214.21:14265,http://54.177.214.21:14265,true,false,376,6403,16
1649896163527,http://54.177.214.21:14265,http://54.177.214.21:14265,true,false,330,4823,16
1649896169281,http://54.177.214.21:14265,http://54.177.214.21:14265,true,false,333,5258,16
1649896171702,http://54.177.214.21:14265,http://54.177.214.21:14265,true,false,336,1917,16
1649896174092,http://54.177.214.21:14265,http://54.177.214.21:14265,true,false,325,1885,32
1649896176224,http://54.177.214.21:14265,http://54.177.214.21:14265,true,false,324,1636,32
1649896178064,http://54.177.214.21:14265,http://54.177.214.21:14265,true,false,325,1347,32
1649896179967,http://54.177.214.21:14265,http://54.177.214.21:14265,true,false,326,1406,32
1649896182475,http://54.177.214.21:14265,http://54.177.214.21:14265,true,false,409,1895,32
1649896184496,http://54.177.214.21:14265,http://54.177.214.21:14265,true,false,327,1528,32
1649896190795,http://54.177.214.21:14265,http://54.177.214.21:14265,true,false,325,5803,32
1649896194853,http://54.177.214.21:14265,http://54.177.214.21:14265,true,false,333,3559,32
1649896196749,http://54.177.214.21:14265,http://54.177.214.21:14265,true,false,324,1404,32
1649896201213,http://54.177.214.21:14265,http://54.177.214.21:14265,true,false,328,3971,32
1649896211960,http://54.177.214.21:14265,http://54.177.214.21:14265,true,false,405,10178,64
1649896222550,http://54.177.214.21:14265,http://54.177.214.21:14265,true,false,344,10083,64
1649896224994,http://54.177.214.21:14265,http://54.177.214.21:14265,true,false,327,1953,64
1649896227834,http://54.177.214.21:14265,http://54.177.214.21:14265,true,false,333,2345,64
1649896230611,http://54.177.214.21:14265,http://54.177.214.21:14265,true,false,328,2269,64
1649896235844,http://54.177.214.21:14265,http://54.177.214.21:14265,true,false,335,4740,64
1649896245553,http://54.177.214.21:14265,http://54.177.214.21:14265,true,false,328,9213,64
1649896249429,http://54.177.214.21:14265,http://54.177.214.21:14265,true,false,337,3372,64
1649896264086,http://54.177.214.21:14265,http://54.177.214.21:14265,true,false,333,14146,64
1649896292245,http://54.177.214.21:14265,http://54.177.214.21:14265,true,false,328,27666,64
1649896304179,http://54.177.214.21:14265,http://54.177.214.21:14265,true,false,321,11450,128
1649896320499,http://54.177.214.21:14265,http://54.177.214.21:14265,true,false,521,15633,128
1649896330648,http://54.177.214.21:14265,http://54.177.214.21:14265,true,false,533,9449,128
1649896347967,http://54.177.214.21:14265,http://54.177.214.21:14265,true,false,327,16822,128
1649896364032,http://54.177.214.21:14265,http://54.177.214.21:14265,true,false,330,15569,128
1649896383878,http://54.177.214.21:14265,http://54.177.214.21:14265,true,false,341,19340,128
1649896386274,http://54.177.214.21:14265,http://54.177.214.21:14265,true,false,362,1864,128
1649896396276,http://54.177.214.21:14265,http://54.177.214.21:14265,true,false,329,9506,128
1649896399782,http://54.177.214.21:14265,http://54.177.214.21:14265,true,false,324,3016,128
1649896403366,http://54.177.214.21:14265,http://54.177.214.21:14265,true,false,336,3078,128
1649896411196,http://54.177.214.21:14265,http://54.177.214.21:14265,true,false,329,7335,256
1649896415616,http://54.177.214.21:14265,http://54.177.214.21:14265,true,false,346,3903,256
1649896422956,http://54.177.214.21:14265,http://54.177.214.21:14265,true,false,330,6848,256
1649896435609,http://54.177.214.21:14265,http://54.177.214.21:14265,true,false,327,12161,256
1649896445752,http://54.177.214.21:14265,http://54.177.214.21:14265,true,false,328,9650,256
1649896461178,http://54.177.214.21:14265,http://54.177.214.21:14265,true,false,325,14938,256
1649896470410,http://54.177.214.21:14265,http://54.177.214.21:14265,true,false,356,8709,256
1649896481227,http://54.177.214.21:14265,http://54.177.214.21:14265,true,false,332,10316,256
1649896500459,http://54.177.214.21:14265,http://54.177.214.21:14265,true,false,330,18735,256
1649896507259,http://54.177.214.21:14265,http://54.177.214.21:14265,true,false,330,6305,256
1649896520818,http://54.177.214.21:14265,http://54.177.214.21:14265,true,false,328,13061,512
1649896526180,http://54.177.214.21:14265,http://54.177.214.21:14265,true,false,329,4867,512
1649896558119,http://54.177.214.21:14265,http://54.177.214.21:14265,true,false,329,31444,512
1649896578368,http://54.177.214.21:14265,http://54.177.214.21:14265,true,false,321,19761,512
1649896584876,http://54.177.214.21:14265,http://54.177.214.21:14265,true,false,331,5999,512
1649896587774,http://54.177.214.21:14265,http://54.177.214.21:14265,true,false,335,2396,512
1649896590020,http://54.177.214.21:14265,http://54.177.214.21:14265,true,false,329,1758,512
1649896592312,http://54.177.214.21:14265,http://54.177.214.21:14265,true,false,329,1795,512
1649896598153,http://54.177.214.21:14265,http://54.177.214.21:14265,true,false,324,5356,512
1649896624042,http://54.177.214.21:14265,http://54.177.214.21:14265,true,false,330,25397,512
1649896636349,http://54.177.214.21:14265,http://54.177.214.21:14265,true,false,327,11813,1024
1649896640048,http://54.177.214.21:14265,http://54.177.214.21:14265,true,false,329,3206,1024
1649896667287,http://54.177.214.21:14265,http://54.177.214.21:14265,true,false,329,26736,1024
1649896676812,http://54.177.214.21:14265,http://54.177.214.21:14265,true,false,343,9018,1024
1649896715944,http://54.177.214.21:14265,http://54.177.214.21:14265,true,false,330,38633,1024
1649896749030,http://54.177.214.21:14265,http://54.177.214.21:14265,true,false,327,32593,1024
1649896793511,http://54.177.214.21:14265,http://54.177.214.21:14265,true,false,339,43980,1024
1649896821649,http://54.177.214.21:14265,http://54.177.214.21:14265,true,false,336,27640,1024
1649896829238,http://54.177.214.21:14265,http://54.177.214.21:14265,true,false,329,7095,1024
