datetime,timeToReceiveMessage,packet_size_bytes
1648231818144,108,2000
1648231818209,86,2000
1648231818274,86,2000
1648231818331,79,2000
1648231818396,86,2000
1648231818458,84,2000
1648231818516,82,2000
1648231818576,83,2000
1648231818638,82,2000
1648231818702,85,2000
1648231818786,106,4000
1648231818861,98,4000
1648231818940,101,4000
1648231819022,105,4000
1648231819096,99,4000
1648231819165,91,4000
1648231819245,105,4000
1648231819324,102,4000
1648231819385,83,4000
1648231819461,100,4000
1648231819540,103,8000
1648231819630,112,8000
1648231819723,115,8000
1648231819812,112,8000
1648231819900,110,8000
1648231819992,115,8000
1648231820082,112,8000
1648231820171,113,8000
1648231820259,111,8000
1648231820341,105,8000
1648231820459,141,16000
1648231820579,142,16000
1648231820686,129,16000
1648231820796,132,16000
1648231820900,127,16000
1648231821011,133,16000
1648231821116,129,16000
1648231821224,131,16000
1648231821343,141,16000
1648231821453,134,16000
1648231821594,165,32000
1648231821732,162,32000
1648231821865,156,32000
1648231822013,169,32000
1648231822153,162,32000
1648231822290,161,32000
1648231822431,159,32000
1648231822573,166,32000
1648231822716,166,32000
1648232577905,137,2000
1648232577965,118,2000
1648232578031,124,2000
1648232578094,117,2000
1648232578153,115,2000
1648232578209,115,2000
1648232578268,117,2000
1648232578330,116,2000
1648232578391,116,2000
1648232578447,113,2000
1648232578534,144,4000
1648232578597,116,4000
1648232578680,142,4000
1648232578747,124,4000
1648232578821,133,4000
1648232578895,133,4000
1648232578971,136,4000
1648232579030,115,4000
1648232579108,135,4000
1648232579184,134,4000
1648232579271,146,8000
1648232579357,142,8000
1648232579438,139,8000
1648232579527,146,8000
1648232579612,142,8000
1648232579700,146,8000
1648232579782,140,8000
1648232579875,152,8000
1648232579971,154,8000
1648232580066,152,8000
1648232580177,169,16000
1648232580292,172,16000
1648232580409,173,16000
1648232580516,165,16000
1648232580637,178,16000
1648232580749,169,16000
1648232580860,168,16000
1648232580973,170,16000
1648232581083,168,16000
1648232581191,165,16000
1648232581336,204,32000
1648232581479,200,32000
1648232581734,312,32000
1648232581883,206,32000
1648232582044,219,32000
1648232582175,189,32000
1648232582306,190,32000
1648232582449,201,32000
1648232582588,197,32000
1648232858763,130,2000
1648232858826,110,2000
1648232858882,105,2000
1648232858940,107,2000
1648232858997,103,2000
1648232859061,111,2000
1648232859120,104,2000
1648232859180,108,2000
1648232859240,108,2000
1648232859294,103,2000
1648232859377,133,4000
1648232859439,111,4000
1648232859520,130,4000
1648232859599,129,4000
1648232859685,135,4000
1648232859767,132,4000
1648232859844,127,4000
1648232859930,136,4000
1648232859988,106,4000
1648232860070,132,4000
1648232860160,138,8000
1648232860251,140,8000
1648232860346,144,8000
1648232860425,128,8000
1648232860510,133,8000
1648232860600,138,8000
1648232860682,132,8000
1648232860775,141,8000
1648232860866,139,8000
1648232860948,132,8000
1648232861060,161,16000
1648232861175,164,16000
1648232861290,164,16000
1648232861404,162,16000
1648232861518,161,16000
1648232861626,157,16000
1648232861739,162,16000
1648232861843,153,16000
1648232861956,162,16000
1648232862067,159,16000
1648232862211,192,32000
1648232862353,190,32000
1648232862490,185,32000
1648232862639,196,32000
1648232862781,191,32000
1648232862913,180,32000
1648232863071,206,32000
1648232863262,241,32000
1648232863401,188,32000
1648233886525,175,2000
1648233886582,151,2000
1648233886638,153,2000
1648233886698,157,2000
1648233886759,159,2000
1648233886820,158,2000
1648233886876,154,2000
1648233886938,159,2000
1648233886997,156,2000
1648233887052,153,2000
1648233887134,179,4000
1648233887216,180,4000
1648233887291,174,4000
1648233887365,172,4000
1648233887446,177,4000
1648233887526,177,4000
1648233887619,190,4000
1648233887698,176,4000
1648233887776,175,4000
1648233887856,178,4000
1648233887940,182,8000
1648233888032,188,8000
1648233888122,188,8000
1648233888210,183,8000
1648233888296,182,8000
1648233888383,184,8000
1648233888461,177,8000
1648233888551,187,8000
1648233888644,189,8000
1648233888720,174,8000
1648233888830,207,16000
1648233888934,200,16000
1648233889049,212,16000
1648233889167,214,16000
1648233889290,221,16000
1648233889407,214,16000
1648233889511,201,16000
1648233889628,214,16000
1648233889739,209,16000
1648233889840,199,16000
1648233889987,246,32000
1648233890132,242,32000
1648233890276,240,32000
1648233890419,240,32000
1648233890562,239,32000
1648233890710,244,32000
1648233890845,231,32000
1648233890987,238,32000
1648233891127,236,32000
1648590683051,,2000
1648590683100,,2000
1648590683140,,2000
1648590683194,,2000
1648590683249,,2000
1648590683304,,2000
1648590683369,,2000
1648590683431,,2000
1648590683478,,2000
1648590683519,,2000
1648590683559,,4000
1648590683587,,4000
1648590683624,,4000
1648590683665,,4000
1648590683697,,4000
1648590683727,,4000
1648590683757,,4000
1648590683794,,4000
1648590683847,,4000
1648590683877,,4000
1648590683905,,8000
1648590683937,,8000
1648590683982,,8000
1648590684053,,8000
1648590684112,,8000
1648590684153,,8000
1648590684187,,8000
1648590684218,,8000
1648590684264,,8000
1648590684316,,8000
1648590684372,,16000
1648590684409,,16000
1648590684463,,16000
1648590684533,,16000
1648590684607,,16000
1648590684653,,16000
1648590684694,,16000
1648590684768,,16000
1648590684826,,16000
1648590684874,,16000
1648590684917,,32000
1648590684947,,32000
1648590684987,,32000
1648590685027,,32000
1648590685084,,32000
1648590685154,,32000
1648590685203,,32000
1648590685253,,32000
1648590685292,,32000
1648590876261,,2000
1648590876301,,2000
1648590876343,,2000
1648590876392,,2000
1648590876458,,2000
1648590876501,,2000
1648590876530,,2000
1648590876584,,2000
1648590876632,,2000
1648590876662,,2000
1648590876693,,4000
1648590876756,,4000
1648590876805,,4000
1648590876840,,4000
1648590876871,,4000
1648590876921,,4000
1648590876967,,4000
1648590877010,,4000
1648590877065,,4000
1648590877125,,4000
1648590877160,,8000
1648590877191,,8000
1648590877245,,8000
1648590877281,,8000
1648590877310,,8000
1648590877351,,8000
1648590877399,,8000
1648590877442,,8000
1648590877483,,8000
1648590877520,,8000
1648590877545,,16000
1648590877618,,16000
1648590877652,,16000
1648590877680,,16000
1648590877729,,16000
1648590877801,,16000
1648590877843,,16000
1648590877881,,16000
1648590877930,,16000
1648590877987,,16000
1648590878049,,32000
1648590878091,,32000
1648590878130,,32000
1648590878181,,32000
1648590878219,,32000
1648590878267,,32000
1648590878310,,32000
1648590878350,,32000
1648590878388,,32000
1648591059966,,2000
1648591060004,,2000
1648591061050,,2000
1648591061095,,2000
1648591061128,,2000
1648591061212,,2000
1648591061261,,2000
1648591061298,,2000
1648591061334,,2000
1648591061366,,2000
1648591061392,,4000
1648591061420,,4000
1648591061454,,4000
1648591061489,,4000
1648591061529,,4000
1648591061574,,4000
1648591061615,,4000
1648591061654,,4000
1648591061695,,4000
1648591061754,,4000
1648591061794,,8000
1648591061824,,8000
1648591061854,,8000
1648591061884,,8000
1648591061914,,8000
1648591061945,,8000
1648591061984,,8000
1648591062025,,8000
1648591062070,,8000
1648591062104,,8000
1648591062146,,16000
1648591062185,,16000
1648591062224,,16000
1648591062255,,16000
1648591062294,,16000
1648591062324,,16000
1648591062364,,16000
1648591062394,,16000
1648591062424,,16000
1648591062466,,16000
1648591062504,,32000
1648591062544,,32000
1648591062576,,32000
1648591062616,,32000
1648591062654,,32000
1648591062684,,32000
1648591062724,,32000
1648591062763,,32000
1648591062794,,32000
